model,MAE,RMSE,R2,ACC@±1K,ACC@±5K,ACC@±10K
Tuned_XGB,5.153061668004327,8.88258639270392,0.9314554071745811,0.26804608511638844,0.6973900775922878,0.8466964495650129
